{
  "method": "jaccard_t5",
  "annotation_source": "QuickGO experimental (EXP/IDA/IPI/IMP/IGI/IEP/TAS/IC)",
  "per_aspect": {
    "CC": {
      "fmax": 0.5143392958573275,
      "auprc": 0.6688798853648374,
      "n_terms": 12
    },
    "BP": {
      "fmax": 0.28091687214023725,
      "auprc": 0.23925636010620427,
      "n_terms": 21
    },
    "MF": {
      "fmax": 0.7916825622528959,
      "auprc": 0.6581148206384464,
      "n_terms": 6
    }
  }
}