{
  "method": "proc_improved",
  "annotation_source": "QuickGO experimental (EXP/IDA/IPI/IMP/IGI/IEP/TAS/IC)",
  "per_aspect": {
    "CC": {
      "fmax": 0.41572635801837,
      "auprc": 0.6052293438103115,
      "n_terms": 12
    },
    "BP": {
      "fmax": 0.1517045249472338,
      "auprc": 0.14186490302979585,
      "n_terms": 21
    },
    "MF": {
      "fmax": 0.777130402040534,
      "auprc": 0.5887500593424287,
      "n_terms": 6
    }
  }
}