{
  "method": "procrustes_string_t5",
  "annotation_source": "QuickGO experimental (EXP/IDA/IPI/IMP/IGI/IEP/TAS/IC)",
  "per_aspect": {
    "CC": {
      "fmax": 0.49380304950755394,
      "auprc": 0.6716962945682364,
      "n_terms": 12
    },
    "BP": {
      "fmax": 0.24392992688434673,
      "auprc": 0.21885758740702244,
      "n_terms": 21
    },
    "MF": {
      "fmax": 0.8105403272978565,
      "auprc": 0.6924698545190968,
      "n_terms": 6
    }
  }
}