{
  "method": "space_pub",
  "annotation_source": "QuickGO experimental (EXP/IDA/IPI/IMP/IGI/IEP/TAS/IC)",
  "per_aspect": {
    "CC": {
      "fmax": 0.4018567552704331,
      "auprc": 0.6267783134099157,
      "n_terms": 12
    },
    "BP": {
      "fmax": 0.1730742546825334,
      "auprc": 0.16506977889637803,
      "n_terms": 21
    },
    "MF": {
      "fmax": 0.7936837494275661,
      "auprc": 0.6099434944623893,
      "n_terms": 6
    }
  }
}