{
  "hardware": {
    "platform": "Linux-6.8.0-1052-gcp-x86_64-with-glibc2.35",
    "python": "3.10.12",
    "cpu_model": "Intel(R) Xeon(R) CPU @ 2.20GHz",
    "cpu_cores": 96,
    "ram_gb": 377.9,
    "gpus": [
      "NVIDIA L4, 23034 MiB",
      "NVIDIA L4, 23034 MiB",
      "NVIDIA L4, 23034 MiB",
      "NVIDIA L4, 23034 MiB",
      "NVIDIA L4, 23034 MiB",
      "NVIDIA L4, 23034 MiB",
      "NVIDIA L4, 23034 MiB",
      "NVIDIA L4, 23034 MiB"
    ],
    "gpu_count": 8
  },
  "results": {
    "procrustes": {
      "method": "procrustes",
      "total_seconds": 159.50605536600006,
      "stage1_seconds": 3.7726795749999837,
      "stage2_seconds": 155.7333750280004,
      "n_species": 153,
      "n_success": 153,
      "per_species_mean": 1.0425078849672984,
      "per_species_std": 0.7376828467978971,
      "per_species_median": 0.877207043999988,
      "per_species_min": 0.1848270529999354,
      "per_species_max": 5.205316408999806,
      "per_species_times": {
        "ARATH": 0.1848270529999354,
        "ORYSA": 1.061263014999895,
        "PICAB": 1.6404015100001743,
        "SELMO": 0.48460110199994233,
        "MARPO": 0.4015717659999609,
        "ABROB": 0.35454728600007,
        "ACOCA": 0.3964986820001286,
        "ACTCH": 1.13125782599991,
        "ACTDI": 0.6603937140002927,
        "ADILA": 0.35473280000041996,
        "AEGTA": 1.7005834380001943,
        "ALSLA": 0.5421237539999311,
        "AMBOP": 0.4841187719998743,
        "AMBTR": 0.7025075569999899,
        "ANACO": 0.7142246139997042,
        "ANGEV": 0.4809339829998862,
        "ARAAL": 0.7284647129999939,
        "ARAHA": 0.9992004910000105,
        "ARALY": 1.1970637479998913,
        "ASPOF": 0.6488352890000897,
        "BETVU": 0.7570412089999081,
        "BRADI": 1.340497244999824,
        "BRAJU": 2.850090684999941,
        "BRANA": 3.1951074869998592,
        "BRAOL": 1.0360350880000624,
        "BRARA": 1.519688357999712,
        "BUXMI": 0.565745257999879,
        "BUXSI": 0.5312350499998502,
        "CAJCA": 1.1549209270001484,
        "CAMSA": 3.3959351039998182,
        "CAPAN": 1.1157648399998834,
        "CAPRU": 1.144306300000153,
        "CARPA": 0.6853521429998182,
        "CELOR": 0.5690831619999699,
        "CENAM": 1.3736911979999604,
        "CHEQU": 1.3879083159999936,
        "CIBBA": 0.4890585339999234,
        "CICAR": 0.7920269490000464,
        "CITCL": 0.9193365579999409,
        "CITLA": 0.6537709850003921,
        "CITMA": 0.877207043999988,
        "CITSI": 0.9037985069999195,
        "COFCA": 0.8829012969999894,
        "CORCA": 0.6500994540001557,
        "CUCME": 0.777767853000114,
        "CUCSA": 0.6850602580002487,
        "CYCBI": 0.40400847499995507,
        "CYCED": 1.098340989999997,
        "CYRRE": 0.6568210309997085,
        "DAUCA": 1.2445167240002775,
        "DAVDE": 0.428300236999803,
        "DICCU": 0.4218799619998208,
        "DIOVI": 0.6092885939997359,
        "DIPPR": 0.44894700200029547,
        "ELAGU": 0.6839078999996673,
        "EPIPI": 0.5919751110000107,
        "EQUHY": 0.34449906400004693,
        "ERATE": 1.5528117420003582,
        "ERYGU": 1.022517219999827,
        "EUCGR": 1.3581722790004278,
        "FRAEX": 1.1367667790000269,
        "FRAVE": 1.0841230630003338,
        "GINBI": 3.107183893999718,
        "GLOSU": 0.4205413380000209,
        "GLYMA": 1.6837060759999076,
        "GNEGN": 0.7137471589999222,
        "GOSAR": 1.0922346709999147,
        "GOSBA": 2.2723415000000386,
        "GOSHI": 2.244735114999912,
        "GOSRA": 1.1414487759998337,
        "GUAOF": 0.5015358169998763,
        "HACVI": 0.63735826500033,
        "HALUN": 0.3936636869998438,
        "HELAN": 1.7171961989997726,
        "HEVBR": 1.0163855860000695,
        "HORVU": 1.453441340000154,
        "HYDVE": 1.1475472319998516,
        "ILEVE": 0.571882086000187,
        "JATCU": 1.0659045870002046,
        "LACSA": 1.127612513999793,
        "LINBE": 0.5462325649996274,
        "LINEN": 0.49780878799992934,
        "LYGFL": 0.3453574039999694,
        "MALDO": 1.52673390200016,
        "MANES": 1.0776498939999328,
        "MEDTR": 1.6926039410000158,
        "MICSP": 0.4316672140002993,
        "MUSAC": 1.1179213400000663,
        "NELNU": 1.0579819889999271,
        "NEPBI": 0.4088364049998745,
        "NICAT": 0.9879960799999026,
        "NICBE": 1.54671736399996,
        "NICTA": 1.8554678099999364,
        "NUPAD": 0.5055900610000208,
        "OLEEU": 1.2374570759998278,
        "OPHRE": 0.44340198300005795,
        "ORYRU": 1.386673549999614,
        "PALCE": 0.3140180559998953,
        "PANHA": 1.3145857959998466,
        "PHAVU": 0.8956116919998749,
        "PHLPH": 0.45923372900006143,
        "PHYBR": 0.5514036569998098,
        "PHYED": 1.9167467120000765,
        "PHYPA": 0.433682066000074,
        "PIPSA": 0.6887654369998018,
        "PISSA": 1.0292850069999986,
        "PLEIR": 0.3947768090001773,
        "PLEVA": 0.5431852229999095,
        "PODNE": 0.7904063450000649,
        "POLXX": 0.7043695979996301,
        "POPTR": 1.1801116389997333,
        "PRUAV": 1.0137033949999932,
        "PRUPE": 0.9243575260002217,
        "PSEME": 4.247805428999982,
        "PSINU": 0.2524843390001479,
        "PYRPI": 0.5066472379999141,
        "RAPSA": 2.0130378349999773,
        "RICCO": 0.7131186270003127,
        "ROSCH": 1.377257955999994,
        "SACSP": 1.9374270940002134,
        "SALMO": 0.36553747500011013,
        "SELER": 0.8509494790000645,
        "SELWI": 0.8687080959998639,
        "SESIN": 0.8176602290000119,
        "SETIT": 1.4583040099996651,
        "SETVI": 1.2096066589997463,
        "SMIHI": 0.4420535109998127,
        "SOLLY": 1.0047986790000323,
        "SOLME": 0.8448251289996733,
        "SOLPE": 1.0163367519999156,
        "SOLPI": 0.8698408620002738,
        "SOLTU": 1.1314300670001103,
        "SORBI": 1.2813224139999875,
        "SPIOL": 0.7595621919999758,
        "STEMA": 0.6400326429998131,
        "STEPA": 0.5577946450002855,
        "SYNXX": 0.43402693000007275,
        "TABDI": 0.8288308740002321,
        "TARHA": 0.8286841679996542,
        "TAXCA": 1.042404617000102,
        "TECIN": 0.4417767089998961,
        "THECA": 0.9024600820002888,
        "TRIAE": 5.205316408999806,
        "TRIDI": 2.7471172249997835,
        "TRIPR": 1.1829909999996744,
        "TRITU": 3.265934216000005,
        "TRIUR": 1.64603639500001,
        "VIGAN": 0.8626661100001911,
        "VIGRA": 0.6847389549998297,
        "VITVI": 1.1213462159998926,
        "ZEAMA": 1.2230018589998508,
        "ZIZJU": 0.9872502399998666,
        "ZOSMA": 0.5953200449998803
      }
    },
    "procrustes_jaccard": {
      "method": "procrustes_jaccard_iter_csls",
      "total_seconds": 717.7001954139996,
      "stage1_seconds": 20.904094818999965,
      "stage2_seconds": 696.7960903759999,
      "n_species": 153,
      "n_success": 153,
      "per_species_mean": 4.690839869660138,
      "per_species_std": 1.394903719236666,
      "per_species_median": 4.47263414300005,
      "per_species_min": 0.1626483670002017,
      "per_species_max": 12.204187768999873,
      "per_species_times": {
        "ARATH": 0.1626483670002017,
        "ORYSA": 7.657310730000063,
        "PICAB": 5.589754556000116,
        "SELMO": 3.844236436000301,
        "MARPO": 3.65013062800017,
        "ABROB": 3.493841228000292,
        "ACOCA": 3.5157164170000215,
        "ACTCH": 4.918043235999903,
        "ACTDI": 3.6810897169998498,
        "ADILA": 3.46912612899996,
        "AEGTA": 5.728905556999962,
        "ALSLA": 3.65375095599984,
        "AMBOP": 3.666023034999853,
        "AMBTR": 4.1357339299997875,
        "ANACO": 4.229874126000141,
        "ANGEV": 3.6094099829997504,
        "ARAAL": 4.176861458000076,
        "ARAHA": 4.69106681600033,
        "ARALY": 5.165973808000217,
        "ASPOF": 4.134727840000323,
        "BETVU": 4.310308121000162,
        "BRADI": 5.270166156999949,
        "BRAJU": 7.890779749000103,